{"train/loss": NaN, "_timestamp": 1677593403.632569, "train/classification_loss": NaN, "train/classification_accuracy": 0.017361111111111074, "_runtime": 41.11895203590393, "_step": 0, "_wandb": {"runtime": 40}}